Warren,Elizabeth,MA,41301,-0.7379999756813049,-0.3089999854564667,1.0180000066757202,1.184999942779541,54,FALSE,100,TRUE,FALSE,2,0,1,FALSE,FALSE,FALSE,0.315600723028183,0.8162345290184021,7,7,39.4607843137255,39.4607843137255,13.793103,13.671875,114,2014,56,6,-0.328,0.4535
Booker,Cory,NJ,41308,-0.5879999995231628,-0.2549999952316284,0.8679999709129333,1.034999966621399,56,FALSE,100,TRUE,FALSE,2,0,0,FALSE,FALSE,FALSE,0.9743593335151672,0.8162345290184021,5.85714285714286,6.23076923076923,21.1858076563959,22.8154851684263,30,29.767443,114,2014,56,6,-0.328,0.4535
Baldwin,Tammy,WI,29940,-0.5460000038146973,-0.13899999856948853,0.8259999752044678,0.993000030517578,51,FALSE,100,TRUE,FALSE,2,0,0,FALSE,FALSE,TRUE,0.6681895852088928,0.8162345290184021,6.51428571428571,6.51428571428571,24.5808569041652,24.5808569041652,23.824451,22.435898,114,2014,56,6,-0.328,0.4535
Sanders,Bernard,VT,29147,-0.5099999904632568,-0.38999998569488525,0.7899999618530273,0.9570000171661376,71,FALSE,328,FALSE,TRUE,5,0,0,FALSE,FALSE,FALSE,0.19060570001602173,0.8508986830711365,3.31578947368421,3.31578947368421,75.9310145789025,76.70236077415971,89.247314,89.67391,114,2014,56,6,-0.328,0.4535
Markey,Edward,MA,14435,-0.5,-0.4569999873638153,0.7799999713897705,0.9470000267028807,62,FALSE,100,TRUE,FALSE,2,0,0,FALSE,FALSE,FALSE,0.6537649631500244,0.8162345290184021,4.51282051282051,4.47222222222222,18.0789580789581,16.8077601410935,19.736841,19.397993,114,2014,56,6,-0.328,0.4535
Hirono,Mazie,HI,20713,-0.492000013589859,-0.08399999886751175,0.7720000147819519,0.9390000104904176,63,FALSE,100,TRUE,FALSE,2,0,0,FALSE,FALSE,TRUE,0.8255035281181335,0.8162345290184021,6.75,4.57692307692308,27.833850931677,28.525641025641,23.305084,22.317596,114,2014,56,6,-0.328,0.4535
Udall,Tom,NM,29924,-0.4560000002384186,0.16099999845027924,0.7360000014305115,0.902999997138977,56,FALSE,100,TRUE,FALSE,4,0,0,FALSE,FALSE,TRUE,1.4329569339752195,0.8199171423912048,4.82352941176471,4.93939393939394,12.6050420168067,12.987012987013,37.234043,36.756756,114,2014,56,6,-0.328,0.4535
Boxer,Barbara,CA,15011,-0.44999998807907104,-0.4230000078678131,0.7299999594688416,0.8970000147819519,52,TRUE,100,TRUE,FALSE,12,0,1,FALSE,FALSE,FALSE,0.915136992931366,0.8346476554870605,5.24324324324324,5.24324324324324,9.12877760703848,9.12877760703848,18.650793,18.623482,114,2014,56,6,-0.328,0.4535
Brown,Sherrod,OH,29389,-0.4399999976158142,-0.10999999940395355,0.7199999690055847,0.8870000243186951,51,FALSE,100,TRUE,FALSE,5,0,0,FALSE,FALSE,TRUE,0.554287850856781,0.8217584490776062,8.08333333333333,8.19148936170213,33.6780072917802,34.3945606384138,26.98962,25.886524,114,2014,56,6,-0.328,0.4535
Merkley,Jeff,OR,40908,-0.4359999895095825,-0.7400000095367432,0.715999960899353,0.8830000162124634,56,FALSE,100,TRUE,FALSE,4,0,0,FALSE,FALSE,TRUE,0.2414833307266235,0.8199171423912048,6.59090909090909,6.59090909090909,11.9844549390004,11.9844549390004,16.90141,16.845879,114,2014,56,6,-0.328,0.4535
Whitehouse,Sheldon,RI,40704,-0.42800000309944153,-0.07900000363588333,0.7080000042915344,0.875,65,FALSE,100,TRUE,FALSE,5,0,0,FALSE,FALSE,FALSE,1.6295720338821411,0.8217584490776062,7.78260869565217,8.09090909090909,8.4722676255857,8.85737069947596,21.532846,20.973783,114,2014,56,6,-0.328,0.4535
Blumenthal,Richard,CT,41101,-0.4180000126361847,-0.16200000047683716,0.6980000138282776,0.8650000095367432,55,TRUE,100,TRUE,FALSE,3,0,0,FALSE,FALSE,TRUE,0.5571655035018921,0.8180758357048035,5.98076923076923,5.98076923076923,17.3483588779641,17.3483588779641,25.46917,25.27174,114,2014,56,6,-0.328,0.4535
Franken,Al,MN,40904,-0.4160000085830689,-0.16899999976158142,0.6959999799728394,0.8630000352859497,53,FALSE,100,TRUE,FALSE,4,0,0,FALSE,FALSE,FALSE,0.9934896230697632,0.8199171423912048,6.13333333333333,6.13333333333333,14.5338057999348,14.5338057999348,23.20917,23.255814,114,2014,56,6,-0.328,0.4535
Reed,Jack,RI,29142,-0.38999998569488525,-0.1720000058412552,0.6699999570846558,0.8370000123977661,71,FALSE,100,TRUE,FALSE,10,0,0,FALSE,FALSE,TRUE,0.2259172350168228,0.8309650421142578,4.53125,4.64516129032258,25.546287593985,26.3703613873393,18.064516,17.333334,114,2014,56,6,-0.328,0.4535
Schatz,Brian,HI,41112,-0.3889999985694885,-0.1120000034570694,0.668999969959259,0.8360000252723694,67,TRUE,100,TRUE,FALSE,2,0,0,FALSE,FALSE,TRUE,0.866454005241394,0.8162345290184021,6.08,6.08,26.8177156177156,26.8177156177156,28.703703,27.962086,114,2014,56,6,-0.328,0.4535
Leahy,Patrick,VT,14307,-0.375,-0.12099999934434891,0.6549999713897705,0.8220000267028809,64,TRUE,100,TRUE,FALSE,21,0,0,FALSE,FALSE,TRUE,0.7191954255104065,0.8512195348739624,9.69565217391304,9.54545454545454,27.1390923703866,27.6733867788308,28.846153,28.780487,114,2014,56,6,-0.328,0.4535
Mikulski,Barbara,MD,14440,-0.3700000047683716,-0.12800000607967377,0.6499999761581421,0.8170000314712524,62,TRUE,100,TRUE,FALSE,15,0,0,FALSE,FALSE,TRUE,0.1565917581319809,0.8401716351509094,12.1,12.1,13.9915966386555,13.9915966386555,22.527473,21.59091,114,2014,56,6,-0.328,0.4535
Durbin,Richard,IL,15021,-0.3650000095367432,-0.3070000112056732,0.6449999809265137,0.812000036239624,54,FALSE,100,TRUE,FALSE,10,0,1,FALSE,FALSE,TRUE,0.3662744462490082,0.8309650421142578,5.26666666666667,5.46511627906977,12.462962962963,8.39147286821705,23.826715,23.247232,114,2014,56,6,-0.328,0.4535
Menendez,Robert,NJ,29373,-0.36000001430511475,-0.12399999797344208,0.6399999856948853,0.8070000410079956,59,FALSE,100,TRUE,FALSE,6,0,0,FALSE,FALSE,TRUE,0.5496500730514526,0.8235997557640076,6.425,6.38461538461539,23.1813121800444,23.7757048000456,23.68421,23.626373,114,2014,56,6,-0.328,0.4535
Schumer,Charles,NY,14858,-0.3499999940395355,-0.4050000011920929,0.6299999952316284,0.796999990940094,66,TRUE,100,TRUE,FALSE,9,0,1,FALSE,FALSE,TRUE,0.7715952396392822,0.8291237354278564,5.77142857142857,6.21875,15.0525321239607,16.463707010582,31.358885,31.560284,114,2014,56,6,-0.328,0.4535
Murray,Patty,WA,49308,-0.34200000762939453,-0.3109999895095825,0.621999979019165,0.7890000343322754,52,TRUE,100,TRUE,FALSE,12,0,1,FALSE,FALSE,TRUE,0.6595374345779419,0.8346476554870605,10.25,10.25,12.2910851940457,12.2910851940457,26.851852,26.635513,114,2014,56,6,-0.328,0.4535
Gillibrand,Kirsten,NY,20735,-0.33399999141693115,-0.42100000381469727,0.6139999628067017,0.781000018119812,72,FALSE,100,TRUE,FALSE,4,0,0,FALSE,FALSE,TRUE,0.3442508578300476,0.8199171423912048,8.51515151515152,9.26666666666667,19.6906062217067,21.6596668438774,23.056301,22.802198,114,2014,56,6,-0.328,0.4535
Cardin,Benjamin,MD,15408,-0.32899999618530273,-0.22200000286102295,0.6089999675750732,0.7760000228881836,56,FALSE,100,TRUE,FALSE,5,0,0,FALSE,FALSE,TRUE,2.03279709815979,0.8217584490776062,9.54347826086956,9.73333333333333,33.9117821590648,32.4431550959329,32.105263,31.72043,114,2014,56,6,-0.328,0.4535
Stabenow,Debbie,MI,29732,-0.3269999921321869,-0.01600000075995922,0.6069999933242798,0.7739999890327454,59,FALSE,100,TRUE,FALSE,8,0,1,FALSE,FALSE,TRUE,0.24316199123859408,0.8272824287414551,7.28,7.54166666666667,29.0121434121434,30.2209827209827,29.130434,28.88889,114,2014,56,6,-0.328,0.4535
Wyden,Ron,OR,14871,-0.3140000104904175,-0.47600001096725464,0.593999981880188,0.7610000371932983,57,TRUE,100,TRUE,FALSE,11,0,0,FALSE,FALSE,TRUE,2.6555747985839844,0.8328063488006592,6.17241379310345,6.26315789473684,16.5051851461588,16.7947497978458,30.198019,29.949238,114,2014,56,6,-0.328,0.4535
Murphy,Christopher,CT,20707,-0.3109999895095825,-0.1940000057220459,0.590999960899353,0.7580000162124634,55,FALSE,100,TRUE,FALSE,2,0,0,FALSE,FALSE,TRUE,0.22797490656375885,0.8162345290184021,3.18181818181818,3.18181818181818,19.5804195804196,19.5804195804196,27.947598,27.80269,114,2014,56,6,-0.328,0.4535
Casey,Robert,PA,40703,-0.2980000078678131,0.18700000643730164,0.578000009059906,0.7450000047683716,54,FALSE,100,TRUE,FALSE,5,0,0,FALSE,FALSE,TRUE,1.473862886428833,0.8217584490776062,6.51111111111111,6.51111111111111,29.6660961814873,29.6660961814873,37.61062,37.104073,114,2014,56,6,-0.328,0.4535
Cantwell,Maria,WA,39310,-0.28700000047683716,-0.42100000381469727,0.5669999718666077,0.734000027179718,60,FALSE,100,TRUE,FALSE,8,0,0,FALSE,FALSE,TRUE,1.2599303722381592,0.8272824287414551,6.75,6.75,30.0218971043324,30.0218971043324,41.573032,41.477272,114,2014,56,6,-0.328,0.4535
Coons,Christopher,DE,40916,-0.28299999237060547,-0.2150000035762787,0.562999963760376,0.7300000190734863,56,FALSE,100,TRUE,FALSE,3,0,0,FALSE,FALSE,TRUE,0.34323862195014954,0.8180758357048035,4.60714285714286,4.60714285714286,52.5659013605442,52.5659013605442,40.206184,39.649124,114,2014,56,6,-0.328,0.4535
Heinrich,Martin,NM,20930,-0.28299999237060547,-0.02500000037252903,0.562999963760376,0.7300000190734863,51,FALSE,100,TRUE,FALSE,2,0,0,FALSE,FALSE,TRUE,0.38896042108535767,0.8162345290184021,3,3,35.8333333333333,35.8333333333333,32.589287,31.96347,114,2014,56,6,-0.328,0.4535
Reid,Harry,NV,15054,-0.2759999930858612,0.257999986410141,0.5559999942779541,0.7229999899864197,50,TRUE,100,TRUE,FALSE,15,0,1,FALSE,FALSE,FALSE,0.3061070144176483,0.8401716351509094,11.5,11.7,44.2361111111111,42.0833333333333,19.71831,18.84058,114,2014,56,6,-0.328,0.4535
Shaheen,Jeanne,NH,40906,-0.2720000147819519,-0.14000000059604645,0.5519999861717224,0.7190000414848328,52,FALSE,100,TRUE,FALSE,4,0,0,FALSE,FALSE,TRUE,1.1758140325546265,0.8199171423912048,7.17021276595745,7.17021276595745,41.7385230284166,41.7385230284166,38.846153,38.671875,114,2014,56,6,-0.328,0.4535
Feinstein,Dianne,CA,49300,-0.2630000114440918,-0.18199999630451202,0.5429999828338623,0.7100000381469727,63,FALSE,100,TRUE,FALSE,12,0,0,FALSE,FALSE,TRUE,1.729678988456726,0.8346476554870605,8.39473684210526,8.39473684210526,23.6751424493914,23.6751424493914,28.806585,28.51064,114,2014,56,6,-0.328,0.4535
Klobuchar,Amy,MN,40700,-0.23899999260902405,-0.38100001215934753,0.5189999938011169,0.6859999895095825,65,FALSE,100,TRUE,FALSE,5,0,1,FALSE,FALSE,TRUE,1.153214693069458,0.8217584490776062,4.01851851851852,4.07547169811321,49.6833335299519,50.6207549173095,37.85489,37.5,114,2014,56,6,-0.328,0.4535
Peters,Gary,MI,20923,-0.2319999933242798,-0.18799999356269836,0.5119999647140503,0.6790000200271606,55,FALSE,100,TRUE,FALSE,19,0,0,FALSE,FALSE,FALSE,0.7334066033363342,0.8475369215011597,3.65217391304348,3.9047619047619,50.3957636566332,55.1953601953602,34,33.877552,114,2014,56,6,-0.328,0.4535
Kaine,Tim,VA,41305,-0.2290000021457672,-0.057999998331069946,0.5090000033378601,0.6759999990463257,53,FALSE,100,TRUE,FALSE,2,0,0,FALSE,FALSE,TRUE,0.30498945713043213,0.8162345290184021,3.06666666666667,3.06666666666667,35.6746031746032,35.6746031746032,30.656935,30.075188,114,2014,56,6,-0.328,0.4535
Tester,Jon,MT,40702,-0.21400000154972076,0.14499999582767487,0.49399998784065247,0.6610000133514404,49,FALSE,100,TRUE,FALSE,5,0,0,FALSE,FALSE,TRUE,1.7421034574508667,0.8217584490776062,5.5,5.60975609756098,32.4432938524553,30.7955693122713,47.11111,47.533634,114,2014,56,6,-0.328,0.4535
Bennet,Michael,CO,40910,-0.2080000042915344,-0.18400000035762787,0.4880000054836273,0.6550000309944153,48,TRUE,100,TRUE,FALSE,4,0,0,FALSE,FALSE,TRUE,0.3500131666660309,0.8199171423912048,3.31578947368421,3.31578947368421,70.8771929824561,70.8771929824561,51.5625,51.3834,114,2014,56,6,-0.328,0.4535
Warner,Mark,VA,40909,-0.19699999690055847,-0.032999999821186066,0.47699999809265137,0.6439999938011169,49,FALSE,100,TRUE,FALSE,4,0,1,FALSE,FALSE,TRUE,0.2655625641345978,0.8199171423912048,4.59090909090909,4.71428571428571,62.6550454892701,63.2576667030449,49.35065,49.006622,114,2014,56,6,-0.328,0.4535
Nelson,Bill,FL,14651,-0.19200000166893005,0.3370000123977661,0.47200000286102295,0.6389999985694885,55,FALSE,100,TRUE,FALSE,8,0,0,FALSE,FALSE,TRUE,0.7190583944320679,0.8272824287414551,9.16129032258065,9.16129032258065,45.3252593018688,45.3252593018688,52.77778,52.554745,114,2014,56,6,-0.328,0.4535
Carper,Thomas,DE,15015,-0.17399999499320984,-0.22100000083446503,0.45399999618530273,0.6209999918937683,66,FALSE,100,TRUE,FALSE,8,0,0,FALSE,FALSE,TRUE,2.415299654006958,0.8272824287414551,5.73076923076923,5.73076923076923,46.1763877148493,46.1763877148493,43.75,43.636364,114,2014,56,6,-0.328,0.4535
King,Angus,ME,41300,-0.14800000190734863,-0.22300000488758087,0.42800000309944153,0.5950000286102295,53,FALSE,328,FALSE,TRUE,2,0,0,FALSE,FALSE,TRUE,0.3521307706832886,0.8453747034072876,3.8,3.8,52.622548866721175,52.97621695816801,53.365383,53.431374,114,2014,56,6,-0.328,0.4535
McCaskill,Claire,MO,40701,-0.1469999998807907,0.023000000044703484,0.4269999861717224,0.593999981880188,55,FALSE,100,TRUE,FALSE,5,0,0,FALSE,FALSE,TRUE,0.5175029039382935,0.8217584490776062,5.13333333333333,5.42857142857143,64.1111111111111,61.547619047619,40.789474,40.666668,114,2014,56,6,-0.328,0.4535
Heitkamp,Heidi,ND,41303,-0.1289999932050705,0.39899998903274536,0.4089999794960022,0.5759999752044678,50,FALSE,100,TRUE,FALSE,2,0,0,FALSE,FALSE,FALSE,1.40155029296875,0.8162345290184021,7.375,7.375,44.4413517768781,44.4413517768781,53.107346,52.87356,114,2014,56,6,-0.328,0.4535
Donnelly,Joe,IN,20717,-0.119999997317791,0.4350000023841858,0.4000000059604645,0.5669999718666077,50,FALSE,100,TRUE,FALSE,2,0,0,FALSE,FALSE,TRUE,0.13630877435207367,0.8162345290184021,4.13333333333333,4.13333333333333,91.59767610748,91.59767610748,69.46565,69.291336,114,2014,56,6,-0.328,0.4535
Manchin,Joe,WV,40915,-0.06300000101327896,0.4429999887943268,0.34299999475479126,0.5099999904632568,61,FALSE,100,TRUE,FALSE,3,0,0,FALSE,FALSE,TRUE,0.2670806646347046,0.8180758357048035,5.11764705882353,5.11764705882353,49.9118920295391,49.9118920295391,65.27778,65.49296,114,2014,56,6,-0.328,0.4535
Collins,Susan,ME,49703,0.10700000077486038,-0.5370000004768372,0.17299999296665192,0.3400000035762787,68,FALSE,200,FALSE,TRUE,10,0,0,TRUE,TRUE,TRUE,0.8757272362709045,1.6621710062026978,11.76,11.76,72.3407683309835,72.3407683309835,48.971195,49.372383,114,2014,56,6,-0.328,0.4535
Murkowski,Lisa,AK,40300,0.2080000042915344,-0.28999999165534973,0.07199999690055847,0.23899999260902405,39,TRUE,200,FALSE,TRUE,7,0,0,TRUE,TRUE,TRUE,2.7632951736450195,1.656646966934204,3.78048780487805,3.07692307692308,30.6827324907919,29.6532533489055,34.269665,34.482758,114,2014,56,6,-0.328,0.4535
Capito,Shelley Moore,WV,20146,0.257999986410141,0.05900000035762787,0.02200001291930675,0.18900001049041748,62,FALSE,200,FALSE,TRUE,1,0,0,FALSE,TRUE,TRUE,0.2619248330593109,0.8435333967208862,8.1,8.1,47.8968253968254,47.8968253968254,30.232557,30.331753,114,2014,56,6,-0.328,0.4535
Kirk,Mark,IL,20115,0.27399998903274536,-0.6470000147819519,0.00600001076236367,0.1730000078678131,48,TRUE,200,FALSE,TRUE,4,0,0,FALSE,TRUE,TRUE,1.2667473554611206,0.8490573763847351,6.50909090909091,6.59259259259259,45.9103119103119,45.8345769456881,35.164837,34.701492,114,2014,56,6,-0.328,0.4535
Cochran,Thad,MS,14009,0.28600001335144043,0.050999999046325684,0.00600001355633139,0.16099998354911804,60,FALSE,200,FALSE,TRUE,19,0,0,TRUE,TRUE,TRUE,0.2313301712274551,1.67874276638031,4.33333333333333,4.33333333333333,36.9883040935673,36.9883040935673,24.637682,24.626865,114,2014,56,6,-0.328,0.4535
Alexander,Lamar,TN,40304,0.3230000138282776,-0.17599999904632568,0.04300001263618469,0.12399998307228088,62,FALSE,200,FALSE,TRUE,7,0,0,TRUE,TRUE,TRUE,2.475428819656372,1.656646966934204,10.2307692307692,10.6,35.1177359333858,36.5224453707212,16.32653,15.789474,114,2014,56,6,-0.328,0.4535
Hoeven,John,ND,41107,0.33799999952316284,0.32600000500679016,0.05799999833106994,0.10899999737739564,76,TRUE,200,FALSE,TRUE,3,0,0,FALSE,TRUE,TRUE,1.1735566854476929,0.8472160696983337,7.05263157894737,7.05263157894737,60.2428387352562,60.2428387352562,20.90909,21.296297,114,2014,56,6,-0.328,0.4535
Grassley,Chuck,IA,14226,0.3409999907016754,-0.06499999761581421,0.06099998950958252,0.10600000619888306,64,TRUE,200,FALSE,TRUE,18,0,0,TRUE,FALSE,TRUE,2.778181314468384,1.6769014596939087,8.7741935483871,8.7741935483871,60.0973651966167,60.0973651966167,28.79581,29.100529,114,2014,56,6,-0.328,0.4535
Ayotte,Kelly,NH,41106,0.35100001096725464,-0.6119999885559082,0.07100000977516174,0.09599998593330385,60,TRUE,200,FALSE,TRUE,3,0,0,FALSE,TRUE,TRUE,0.7678184509277344,0.8472160696983337,10.4193548387097,10.4193548387097,30.8153345686069,30.8153345686069,30.9375,30.793652,114,2014,56,6,-0.328,0.4535
Coats,Daniel,IN,14806,0.375,-0.22699999809265137,0.0949999988079071,0.07199999690055847,55,TRUE,200,FALSE,TRUE,3,0,0,TRUE,TRUE,TRUE,0.07404032349586487,1.6492817401885986,3.55555555555556,3.55555555555556,33.8383838383838,33.8383838383838,12.631579,13.043478,114,2014,56,6,-0.328,0.4535
Portman,Rob,OH,29386,0.375,-0.23499999940395355,0.0949999988079071,0.07199999690055847,57,TRUE,200,FALSE,TRUE,3,0,0,FALSE,TRUE,TRUE,1.7287975549697876,0.8472160696983337,5.72549019607843,6.02083333333333,51.7856435503494,48.7722462722463,38.94737,38.82979,114,2014,56,6,-0.328,0.4535
Wicker,Roger,MS,29534,0.37599998712539673,0.3479999899864197,0.09599998593330385,0.07100000977516174,57,FALSE,200,FALSE,TRUE,5,0,0,FALSE,TRUE,TRUE,2.1968090534210205,0.8508986830711365,9.66666666666667,9.66666666666667,51.016521266737,51.016521266737,22.513088,22.459892,114,2014,56,6,-0.328,0.4535
McCain,John,AZ,15039,0.38100001215934753,-0.6259999871253967,0.10100001096725464,0.06599998474121094,59,TRUE,200,FALSE,TRUE,15,0,0,TRUE,FALSE,TRUE,1.506474852561951,1.6713775396347046,4.37037037037037,4.37037037037037,20.299823633157,20.299823633157,20.12987,19.078947,114,2014,56,6,-0.328,0.4535
Rounds,Mike,SD,41505,0.38199999928474426,0.12399999797344208,0.10199999809265135,0.06499999761581421,50,FALSE,200,FALSE,TRUE,1,0,0,FALSE,TRUE,TRUE,0.18187205493450165,0.8435333967208862,3.66666666666667,3.66666666666667,13.5802469135802,13.5802469135802,18.055555,17.857143,114,2014,56,6,-0.328,0.4535
Hatch,Orrin,UT,14503,0.38199999928474426,-0.004000000189989805,0.10199999809265135,0.06499999761581421,65,FALSE,200,FALSE,TRUE,20,0,0,TRUE,FALSE,TRUE,3.389234781265259,1.6805840730667114,8.90909090909091,8.90909090909091,41.998778998779,41.998778998779,21.212122,20.987654,114,2014,56,6,-0.328,0.4535
Corker,Bob,TN,40705,0.3910000026226044,-0.3440000116825104,0.11100000143051147,0.0559999980032444,65,FALSE,200,FALSE,TRUE,5,0,0,TRUE,FALSE,FALSE,1.7465529441833496,1.6529643535614014,15.5454545454545,15.5454545454545,69.5155963930667,69.5155963930667,15.384615,16.666666,114,2014,56,6,-0.328,0.4535
Boozman,John,AR,20101,0.4020000100135803,0.2460000067949295,0.12200000882148744,0.04499999061226845,58,TRUE,200,FALSE,TRUE,3,0,0,FALSE,TRUE,TRUE,0.461273729801178,0.8472160696983337,6.23076923076923,6.58333333333333,51.3807488807489,51.4958112874779,22.115385,21.95122,114,2014,56,6,-0.328,0.4535
Isakson,Johnny,GA,29909,0.40400001406669617,-0.010999999940395355,0.12400001287460329,0.0429999865591526,58,TRUE,200,FALSE,TRUE,6,0,0,TRUE,TRUE,TRUE,1.186707615852356,1.6548056602478027,9.91666666666667,10.304347826087,46.1866471734893,48.1947622679888,14.507772,12.903226,114,2014,56,6,-0.328,0.4535
McConnell,Mitch,KY,14921,0.40400001406669617,0.007000000216066837,0.12400001287460329,0.0429999865591526,56,FALSE,200,FALSE,TRUE,16,1,0,FALSE,FALSE,TRUE,0.4775750935077667,0.8711531758308411,5.66666666666667,5.66666666666667,11.3095238095238,11.3095238095238,7.6923075,7.8125,114,2014,56,6,-0.328,0.4535
Graham,Lindsey,SC,29566,0.4090000092983246,-0.17000000178813934,0.1290000081062317,0.03799999132752418,55,FALSE,200,FALSE,TRUE,7,0,0,FALSE,TRUE,TRUE,0.41981419920921326,0.8545812964439392,8.33333333333333,9,43.5416666666667,47.5,33.333332,33.05785,114,2014,56,6,-0.328,0.4535
Thune,John,SD,29754,0.4090000092983246,0.1379999965429306,0.1290000081062317,0.03799999132752418,100,TRUE,200,FALSE,TRUE,6,1,0,TRUE,FALSE,TRUE,3.283629894256592,1.6548056602478027,8.15094339622642,8.15094339622642,44.4313134067947,44.4313134067947,13.333333,13.533834,114,2014,56,6,-0.328,0.4535
Moran,Jerry,KS,29722,0.4120000004768371,0.20600000023841858,0.13199999928474426,0.03500000014901161,70,TRUE,200,FALSE,TRUE,3,0,0,FALSE,TRUE,TRUE,1.4065463542938232,0.8472160696983337,9.08571428571429,9.08571428571429,42.0012887142435,42.0012887142435,24.761906,24.637682,114,2014,56,6,-0.328,0.4535
Roberts,Pat,KS,14852,0.4149999916553498,-0.09000000357627869,0.13499999046325684,0.03200000897049904,53,FALSE,200,FALSE,TRUE,10,0,0,TRUE,FALSE,TRUE,0.3089483082294464,1.6621710062026978,6.85714285714286,6.85714285714286,30.0766693623836,30.0766693623836,13.861386,14,114,2014,56,6,-0.328,0.4535
Blunt,Roy,MO,29735,0.4309999942779541,0.2750000059604645,0.1509999930858612,0.01600000634789467,54,TRUE,200,FALSE,TRUE,3,1,0,TRUE,TRUE,TRUE,1.6417951583862305,1.6492817401885986,9.66666666666667,7.71875,45.6773313789124,45.9328729845034,27.310925,26.923077,114,2014,56,6,-0.328,0.4535
Shelby,Richard,AL,94659,0.43299999833106995,0.5180000066757202,0.15299999713897705,0.01400000136345625,65,TRUE,200,FALSE,TRUE,15,0,0,TRUE,TRUE,TRUE,0.23452693223953247,1.6713775396347046,10,10,10,10,5.5555553,5.882353,114,2014,56,6,-0.328,0.4535
Tillis,Thom,NC,41504,0.4410000145435333,0.06499999761581421,0.16100001335144043,0.00599998561665415,49,FALSE,200,FALSE,TRUE,1,0,0,FALSE,FALSE,TRUE,0.3717024326324463,0.8435333967208862,3,3,37.3333333333333,37.3333333333333,25.316456,25.324675,114,2014,56,6,-0.328,0.4535
Cassidy,Bill,LA,20919,0.453000009059906,-0.09700000286102295,0.1730000078678131,0.00600000889971852,56,FALSE,200,FALSE,TRUE,1,0,0,FALSE,TRUE,TRUE,0.6896061301231384,0.8435333967208862,3.44827586206897,3.53571428571429,26.9009725906278,27.8617216117216,15.32258,15.5737705,114,2014,56,6,-0.328,0.4535
Burr,Richard,NC,29548,0.45399999618530273,-0.05299999937415123,0.17399999499320984,0.00699999602511525,55,TRUE,200,FALSE,TRUE,6,0,0,TRUE,FALSE,TRUE,1.8504071235656736,1.6548056602478027,6.89285714285714,6.89285714285714,34.7723255969054,34.7723255969054,24.324324,24.827587,114,2014,56,6,-0.328,0.4535
Gardner,Cory,CO,21112,0.4560000002384186,-0.028999999165534973,0.17599999904632568,0.00900000054389238,48,FALSE,200,FALSE,TRUE,1,0,0,FALSE,TRUE,FALSE,1.7701876163482666,0.8435333967208862,4.61538461538461,4.76,60.3254437869822,58.7384615384615,20.833334,20.481928,114,2014,56,6,-0.328,0.4535
Sullivan,Daniel,AK,41500,0.4600000083446502,0.041999999433755875,0.18000000715255737,0.01300000865012407,48,FALSE,200,FALSE,TRUE,1,0,0,FALSE,TRUE,TRUE,1.1068133115768433,0.8435333967208862,4.3125,4.3125,33.6631944444444,33.6631944444444,20.454546,20.3125,114,2014,56,6,-0.328,0.4535
Heller,Dean,NV,20730,0.460999995470047,-0.45899999141693115,0.1809999942779541,0.0139999957755208,46,FALSE,200,FALSE,TRUE,3,0,0,FALSE,TRUE,TRUE,1.508151888847351,0.8472160696983337,5.09090909090909,5.09090909090909,65.3857217818257,65.3857217818257,28.651686,28.571428,114,2014,56,6,-0.328,0.4535
Fischer,Deb,NE,41302,0.4740000069141388,0.34299999475479126,0.1940000057220459,0.02700000628829002,58,FALSE,200,FALSE,TRUE,2,0,0,FALSE,TRUE,TRUE,1.896918535232544,0.8453747034072876,6.48,6.48,35.440404040404,35.440404040404,13.475178,13.6690645,114,2014,56,6,-0.328,0.4535
Vitter,David,LA,29918,0.4950000047683716,0.3230000138282776,0.2150000035762787,0.04800000414252281,57,TRUE,200,FALSE,TRUE,6,0,0,TRUE,TRUE,FALSE,2.37640643119812,1.6548056602478027,4.41860465116279,4.41860465116279,29.2254773650122,29.2254773650122,19.704433,19.5,114,2014,56,6,-0.328,0.4535
Cornyn,John,TX,40305,0.4970000088214874,-0.008999999612569809,0.21700000762939453,0.05000000819563866,62,FALSE,200,FALSE,TRUE,7,0,0,FALSE,TRUE,TRUE,3.1418468952178955,0.8545812964439392,9.64516129032258,9.6,31.4637363923292,31.603436696316,17.204302,17.582418,114,2014,56,6,-0.328,0.4535
Crapo,Mike,ID,29345,0.5070000290870667,0.2939999997615814,0.22700002789497375,0.06000002846121788,71,TRUE,200,FALSE,TRUE,9,1,0,FALSE,TRUE,TRUE,0.3885214626789093,0.8582639694213867,9.79166666666667,10.1739130434783,25.4997561837184,26.6084412351845,18.390804,18.023256,114,2014,56,6,-0.328,0.4535
Ernst,Joni,IA,41502,0.5099999904632568,-0.04800000041723251,0.2299999892711639,0.06299999356269836,52,FALSE,200,FALSE,TRUE,1,0,0,FALSE,TRUE,TRUE,0.8512049913406372,0.8435333967208862,9,9.72727272727273,25.2724358974359,27.5699300699301,26.495726,26.724138,114,2014,56,6,-0.328,0.4535
Barrasso,John,WY,40707,0.527999997138977,0.2460000067949295,0.24799999594688416,0.08100000023841858,76,FALSE,200,FALSE,TRUE,5,1,0,TRUE,TRUE,FALSE,1.6980537176132202,1.6529643535614014,8.24137931034483,8.24137931034483,26.4443952659258,26.4443952659258,5.223881,4.5801525,114,2014,56,6,-0.328,0.4535
Daines,Steve,MT,21338,0.5299999713897705,-0.12300000339746475,0.2499999701976776,0.08299997448921204,58,FALSE,200,FALSE,TRUE,1,0,0,FALSE,FALSE,TRUE,0.4526890516281128,0.8435333967208862,3.16666666666667,3.16666666666667,36.8055555555556,36.8055555555556,24.712645,24.117647,114,2014,56,6,-0.328,0.4535
Enzi,Michael,WY,49706,0.5370000004768372,0.19900000095367432,0.25699999928474426,0.09000000357627869,72,FALSE,200,FALSE,TRUE,10,0,0,TRUE,TRUE,TRUE,0.3272315263748169,1.6621710062026978,5.40909090909091,5.40909090909091,52.8589789656983,52.8589789656983,13.380281,12.94964,114,2014,56,6,-0.328,0.4535
Sessions,Jeff,AL,49700,0.5490000247955322,0.12999999523162842,0.26900002360343933,0.10200002789497375,100,FALSE,200,FALSE,TRUE,10,0,0,FALSE,TRUE,TRUE,0.06312014162540436,0.8601052761077881,17.1666666666667,6,36.6818873668189,33.3333333333333,11.538462000000001,10.784314,114,2014,56,6,-0.328,0.4535
Inhofe,James,OK,15424,0.5509999990463257,0.04500000178813934,0.2709999978542328,0.1040000021457672,68,FALSE,200,FALSE,TRUE,11,0,0,TRUE,FALSE,TRUE,1.2865667343139648,1.6640123128890991,8.16,8.16,38.3741765480896,38.3741765480896,10.439561,10.055866,114,2014,56,6,-0.328,0.4535
Lankford,James,OK,21166,0.5619999766349792,0.17499999701976776,0.28199997544288635,0.11499997973442078,68,TRUE,200,FALSE,TRUE,1,0,0,FALSE,TRUE,FALSE,0.6468856334686279,0.8435333967208862,7.16666666666667,7.16666666666667,16.8560606060606,16.8560606060606,11.764706,11.864407,114,2014,56,6,-0.328,0.4535
Rubio,Marco,FL,41102,0.5899999737739563,-0.2669999897480011,0.3099999725818634,0.14299997687339783,49,TRUE,200,FALSE,TRUE,3,0,0,FALSE,TRUE,FALSE,1.3813213109970093,0.8472160696983337,7.30769230769231,7.30769230769231,30.9554156045384,30.9554156045384,25.90909,25.581396,114,2014,56,6,-0.328,0.4535
Johnson,Ron,WI,41111,0.593999981880188,-0.2709999978542328,0.3139999806880951,0.14699998497962952,52,TRUE,200,FALSE,TRUE,3,0,0,TRUE,TRUE,FALSE,3.181260108947754,1.6492817401885986,5.25925925925926,5.52,37.9232804232804,36.9571428571429,21.276596,21.582733,114,2014,56,6,-0.328,0.4535
Cotton,Tom,AR,21301,0.6190000176429749,0.06199999898672104,0.33900001645088196,0.17200002074241638,57,FALSE,200,FALSE,TRUE,1,0,0,FALSE,TRUE,TRUE,0.4654861688613891,0.8435333967208862,6.93333333333333,6.93333333333333,6.66666666666667,6.66666666666667,16.25,16.129032,114,2014,56,6,-0.328,0.4535
Toomey,Pat,PA,29935,0.6299999952316284,-0.2849999964237213,0.3499999940395355,0.18299999833106995,51,TRUE,200,FALSE,TRUE,3,0,0,FALSE,TRUE,TRUE,1.0686780214309692,0.8472160696983337,7.81481481481481,8.07692307692308,45.0006514450959,42.8852918852919,22.580645,23.140495,114,2014,56,6,-0.328,0.4535
Risch,James,ID,40902,0.6309999823570251,0.5630000233650208,0.35099998116493225,0.18399998545646667,65,FALSE,200,FALSE,TRUE,4,0,0,FALSE,TRUE,FALSE,0.501226544380188,0.8490573763847351,3,3,49.2592592592593,49.2592592592593,13.043478,13.29114,114,2014,56,6,-0.328,0.4535
Perdue,David,GA,41501,0.6589999794960022,-0.07500000298023224,0.3789999783039093,0.21199998259544373,53,FALSE,200,FALSE,TRUE,1,0,0,FALSE,TRUE,FALSE,0.2613038122653961,0.8435333967208862,4,4,38.0952380952381,38.0952380952381,10.897436,8.783784,114,2014,56,6,-0.328,0.4535
Scott,Tim,SC,21173,0.6690000295639038,-0.003000000026077032,0.3890000283718109,0.22200003266334536,61,TRUE,200,FALSE,TRUE,2,0,0,FALSE,TRUE,TRUE,0.3038288652896881,0.8453747034072876,12.8461538461538,12.8461538461538,28.4156611362494,28.4156611362494,10.9375,11.2,114,2014,56,6,-0.328,0.4535
Sasse,Benjamin,NE,41503,0.8330000042915344,-0.1899999976158142,0.5530000329017639,0.3860000073909759,64,FALSE,200,FALSE,TRUE,1,0,0,FALSE,TRUE,FALSE,0.17687474191188812,0.8435333967208862,11,11,19.047619047619,19.047619047619,5.882353,6.122449,114,2014,56,6,-0.328,0.4535
Flake,Jeff,AZ,20100,0.8550000190734863,-0.5180000066757202,0.5750000476837158,0.40800002217292786,49,FALSE,200,FALSE,TRUE,2,0,0,FALSE,TRUE,FALSE,0.9833496809005736,0.8453747034072876,5.325,5.325,27.6540346907994,27.6540346907994,15.789474,15.789474,114,2014,56,6,-0.328,0.4535
Paul,Rand,KY,41104,0.8820000290870667,-0.4819999933242798,0.6020000576972961,0.4350000321865082,56,TRUE,200,FALSE,TRUE,3,0,0,FALSE,TRUE,FALSE,0.4331681728363037,0.8472160696983337,8.12,8.12,33.2176470588235,33.2176470588235,19.318182,19.318182,114,2014,56,6,-0.328,0.4535
Cruz,Ted,TX,41304,0.8840000033378601,-0.2849999964237213,0.6040000319480896,0.4370000064373016,56,FALSE,200,FALSE,TRUE,2,0,0,FALSE,TRUE,TRUE,0.7963813543319702,0.8453747034072876,8.08333333333333,8.08333333333333,5.10416666666667,5.10416666666667,5.426357,5.46875,114,2014,56,6,-0.328,0.4535
Lee,Mike,UT,41110,0.9210000038146972,-0.4009999930858612,0.6410000324249268,0.4740000069141388,62,TRUE,200,FALSE,TRUE,3,0,0,FALSE,TRUE,TRUE,0.3752934634685517,0.8472160696983337,7.48571428571429,7.48571428571429,12.2568477665929,12.2568477665929,9.523809,9.523809,114,2014,56,6,-0.328,0.4535
